Owner,Team,Background Color,Text Color,Address,Latitude,Longitude,League,Party,Total,Icon,Barack Obama,DNC,DCCC,DSCC,Mitt Romney,RNC,NRCC,NRSC,Restore Our Future (Romney),Rick Perry,Herman Cain,Michele Bachmann,Rick Santorum,Tim Pawlenty,Newt Gingrich,Jon Huntsman,Free & Strong America (Romney),Make Us Great Again (Perry),American CrossroadsSusan Samueli,Anaheim Ducks,#FF6600,#000000,"2695 East Katella Avenue  Anaheim, CA 92806",33.806092,-117.877604,NHL,Democratic,2500,images/hockey.png,2500,,,,,,,,,,,,,,,,,,Earl Kendrick,Arizona Diamondbacks,#990033,#CC9900,"401 East Jefferson Street, Phoenix, AZ",33.444799,-112.066662,MLB,Republican,33300,images/baseball.png,,,,,2500,30800,,,,,,,,,,,,,Gregory Maffei,Atlanta Braves,#003366,#FF3333,"755 Hank Aaron Drive Southeast, Atlanta, GA",33.734708,-84.38839,MLB,Republican,157500,images/baseball.png,,,,,2500,,5000,,100000,,,,,,,,,,50000John Malone,Atlanta Braves,#003366,#FF3333,"755 Hank Aaron Drive Southeast, Atlanta, GA",33.734708,-84.38839,MLB,Republican,7500,images/baseball.png,,,,,2500,,5000,,,,,,,,,,,,Peter Angelos,Baltimore Orioles,#FF6600,#000000,"1 East Pratt Street, Baltimore, MD",39.285889,-76.6141663,MLB,Democratic,36200,images/baseball.png,,,30800,5400,,,,,,,,,,,,,,,Jeremy Jacobs,Boston Bruins,#FFCC00,#000000,"100 Legends Way , Boston, MA 02114",42.3652917,-71.0646337,NHL,Democratic/Republican,21000,images/hockey.png,,,,20000,1000,,,,,,,,,,,,,,Stephen Pagliuca,Boston Celtics,#00CC00,#FFFFFF,"226 Causeway St # 4, Boston, MA",42.3668559,-71.0596937,NBA,Democratic,66600,images/basketball.png,5000,30800,30800,,,,,,,,,,,,,,,,Jeffrey Vinik,Boston Red Sox,#003366,#FF3333,"4 Yawkey Way, Boston, MA",42.3462509,-71.0981704,MLB,Republican,33300,images/baseball.png,,,,,2500,30800,,,,,,,,,,,,,Les Otten,Boston Red Sox,#003366,#FF3333,"4 Yawkey Way, Boston, MA",42.3462509,-71.0981704,MLB,Republican,2000,images/baseball.png,,,,,,,,,,,,,,,,2000,,,Bruce Ratner,Brooklyn Nets,#000000,#FFFFFF,"620 atlantic ave, brooklyn ny",40.6834879,-73.9760265,NBA,Democratic,5000,images/basketball.png,5000,,,,,,,,,,,,,,,,,,Peter Karmanos,Carolina Hurricanes,#FF0000,#000000,"1400 Edwards Mill Road, Raleigh, NC",35.803475,-78.721933,NHL,Republican,33300,images/hockey.png,,,,,2500,30800,,,,,,,,,,,,,Robert L. Johnson,Charlotte Bobcats,#003399,#FF9933,"333 East Trade Street, Charlotte, NC",35.2250606,-80.8393335,NBA,Democratic,65800,images/basketball.png,5000,30800,30000,,,,,,,,,,,,,,,,William Wirtz,Chicago Blackhawks,#FF0000,#000000,"1901 West Madison Street, Chicago, IL 60612",41.8812601,-87.674145,NHL,Republican,1000,images/hockey.png,,,,,,,,,,,,,,1000,,,,,Robert Castellini,Cincinnati Reds,#FF0000,#FFFFFF,"100 Joe Nuxhall Way, Cincinnati, OH",39.0978555,-84.5080251,MLB,Republican,55800,images/baseball.png,,,,,5000,,30800,15000,,,,,,2500,,,,,Gordon Gund,Cleveland Cavaliers,#990033,#CC9900,"1 Center Court  Cleveland, OH 44115",41.4967035,-81.6894825,NBA,Republican,20000,images/basketball.png,,,,,,,20000,,,,,,,,,,,,Dan Gilbert,Cleveland Cavaliers,#990033,#CC9900,"1 Center Court  Cleveland, OH 44115",41.4967035,-81.6894825,NBA,Republican,2500,images/basketball.png,,,,,2500,,,,,,,,,,,,,,Lawrence Dolan,Cleveland Indians,#FF3333,#003366,"2401 Ontario Street, Cleveland, OH",41.496107,-81.685195,MLB,Republican,2500,images/baseball.png,,,,,2500,,,,,,,,,,,,,,John McConnell,Columbus Blue Jackets,#0033FF,#FFFFFF,"200 West Nationwide Boulevard, Columbus, OH 43215",39.9694,-83.006356,NHL,Republican,5000,images/hockey.png,,,,,,,5000,,,,,,,,,,,,Jerry Jones,Dallas Cowboys,#0033FF,#FFFFFF,"DFW Airport Ste  A24, Dallas, TX 75261",32.9045436,-97.0359285,NFL,Republican,5000,images/football.png,,,,,2500,,,,,2500,,,,,,,,,Tom Hicks,Dallas Stars,#006633,#FFCC33," 2601 Avenue of the Stars, Frisco, TX 75034",33.101249,-96.818604,NHL,Republican,27900,images/hockey.png,,,,,2500,15400,,,,2500,2500,,,5000,,,,,Mike Ilitch,Detroit Tigers,#003366,#FFFFFF,"2100 Woodward Avenue, Detroit, MI",42.338753,-83.048487,MLB,Republican,15000,images/baseball.png,,,,,2500,,12500,,,,,,,,,,,,Jim Crane,Houston Astros,#CC0000,#000000,"501 Crawford St # 400, Houston, TX",29.7568158,-95.3572938,MLB,Democratic,35800,images/baseball.png,5000,30800,,,,,,,,,,,,,,,,,Robert McNair,Houston Texans,#003399,#FFFFFF,"2 Reliant Park, Houston, TX",29.684846,-95.407763,NFL,Republican,107500,images/football.png,,,,,2500,,,,,2500,2500,,,,,,,100000,Herbert Simon,Indiana Pacers,#003399,#FFCC33,"125 S. Pennsylvania Street, indianapolis in",39.7640468,-86.1554765,NBA,Democratic/Republican,55000,images/basketball.png,,,,30000,2500,22500,,,,,,,,,,,,,Shahid Khan,Jacksonville Jaguars,#000099,#FFFFFF,"1 EverBank Field Drive, Jacksonville, FL",30.3238889,-81.6375,NFL,Republican,2500,images/football.png,,,,,2500,,,,,,,,,,,,,,Clark Hunt,Kansas City Chiefs,#CC3300,#FFFFFF,"1 Arrowhead Drive, Kansas City, MO",39.0495469,-94.483499,NFL,Republican,5000,images/football.png,,,,,,,,,,,,,2500,2500,,,,,Arturo Moreno,Los Angeles Angels,#CC0033,#FFFFFF,"2000 East Gene Autry Way  Anaheim, CA 92806",33.80003,-117.883043,MLB,Republican,33300,images/baseball.png,,,,,2500,30800,,,,,,,,,,,,,Magic Johnson,Los Angeles Dodgers,#0033FF,#FFFFFF,"1000 Elysian Park Avenue, Los Angeles, CA",34.0732204,-118.2409737,MLB,Democratic,65800,images/baseball.png,5000,60800,,,,,,,,,,,,,,,,,Todd Boehly,Los Angeles Dodgers,#0033FF,#FFFFFF,"1000 Elysian Park Avenue, Los Angeles, CA",34.0732204,-118.2409737,MLB,Democratic,40800,images/baseball.png,5000,30800,,5000,,,,,,,,,,,,,,,Mark Walter,Los Angeles Dodgers,#0033FF,#FFFFFF,"1000 Elysian Park Avenue, Los Angeles, CA",34.0732204,-118.2409737,MLB,Democratic,35800,images/baseball.png,5000,30800,,,,,,,,,,,,,,,,,Robert Patton,Los Angeles Dodgers,#0033FF,#FFFFFF,"1000 Elysian Park Avenue, Los Angeles, CA",34.0732204,-118.2409737,MLB,Democratic,35800,images/baseball.png,5000,30800,,,,,,,,,,,,,,,,,Edward Roski,Los Angeles Kings,#000000,#FFFFFF,"1111 S Figueroa St # 3100  Los Angeles, CA 90015",34.042984,-118.2668182,NHL,Republican,45500,images/hockey.png,,,,,,2500,10000,28000,,,,,,5000,,,,,Patrick Soon-Shiong,Los Angeles Lakers,#663399,#FFFF00,"555 North Nash Street, El Segundo, CA",33.9218535,-118.3881354,NBA,Republican,2500,images/basketball.png,,,,,,,,,,2500,,,,,,,,,Michael Heisley,Memphis Grizzlies,#3366CC,#FFFFFF,"191 Beale Street, Memphis, TN",35.136686,-90.051885,NBA,Republican,32050,images/basketball.png,,,,,1000,,30800,250,,,,,,,,,,,Stephen Ross,Miami Dolphins,#00CC99,#FF6600,"7500 Southwest 30th Street, Davie, FL",26.0825159,-80.246464,NFL,Republican,133300,images/football.png,,,,,2500,20800,5000,,100000,,,,,,,,5000,,Micky Arison,Miami Heat,#CC3300,#FFCC00,"601 Biscayne Boulevard, Miami, FL",25.781232,-80.187805,NBA,Democratic/Republican,12000,images/basketball.png,,,2000,,,,10000,,,,,,,,,,,,Jeffrey Loria,Miami Marlins,#0099FF,#FF9900,"501 Marlins Way, Miami, FL",25.7781416,-80.2214974,MLB,Republican,33300,images/baseball.png,,,,,2500,30800,,,,,,,,,,,,,Jim Pohlad,Minnesota Twins,#003366,#FF3333,"1 Twins Way, Minneapolis, MN",44.9799977,-93.279728,MLB,Democratic,35800,images/baseball.png,5000,30800,,,,,,,,,,,,,,,,,Zygmunt Wilf,Minnesota Vikings,#663399,#FFFF00,"9520 Viking Drive, Eden Prairie, MN",44.861011,-93.401067,NFL,Democratic,25000,images/football.png,,,,25000,,,,,,,,,,,,,,,Craig Leipold,Minnesota Wild,#006633,#FF0000,"317 Washington St, Saint Paul, MN",44.943863,-93.098131,NHL,Republican,2500,images/hockey.png,,,,,2500,,,,,,,,,,,,,,Tom Cigarran,Nashville Predators,#003366,#FFCC33,"501 Broadway, Nashville, TN",36.159949,-86.77857,NHL,Republican,1000,images/hockey.png,,,,,1000,,,,,,,,,,,,,,Robert Kraft,New England Patriots,#003366,#FF3333,"1 Patriot Place, Foxborough, MA",42.093324,-71.262341,NFL,Democratic,17900,images/football.png,5000,12900,,,,,,,,,,,,,,,,,Jonathan Tisch,New York Giants,#003399,#FFFFFF," MetLife Stadium Drive, East Rutherford, NJ 07073",40.8144149,-74.072724,NFL,Democratic,62300,images/football.png,5000,30800,10000,16500,,,,,,,,,,,,,,,Woody Johnson,New York Jets,#006633,#FFFFFF,"One MetLife Stadium Drive, East Rutherford, New Jersey, 07073",40.8142092,-74.0736902,NFL,Republican,70800,images/football.png,,,,,2500,58200,,2600,,,,,,2500,,,5000,,James Dolan,New York Knicks,#FF6600,#0000FF,"1 pennsylvania plaza, new york ny",40.7496522,-73.9931796,NBA,Republican,7500,images/basketball.png,,,,,2500,,,5000,,,,,,,,,,,Fred Wilpon,New York Mets,#0000FF,#FF6600,"12301 Roosevelt Avenue, Flushing, NY",40.7559169,-73.849076,MLB,Republican,2500,images/baseball.png,,,,,2500,,,,,,,,,,,,,,James Dolan,New York Rangers,#FF0000,#0000FF,2 penn plaza new york ny,40.7502557,-73.9919964,NHL,Republican,7500,images/hockey.png,,,,,2500,,,5000,,,,,,,,,,,Lewis Wolff,Oakland Athletics,#006600,#FFCC00,"7000 Coliseum Way # 3, Oakland, CA",37.7515541,-122.2015715,MLB,Republican,2500,images/baseball.png,,,,,2500,,,,,,,,,,,,,,Aubrey McClendon,Oklahoma City Thunder,#0066FF,#FF9900,"211 North Robinson Avenue # 300S, Oklahoma City, OK",35.4689091,-97.5169384,NBA,Republican,60800,images/basketball.png,,,,,2500,30800,25000,,,,,,,,,2500,,,Clay Bennett,Oklahoma City Thunder,#0066FF,#FF9900,"211 North Robinson Avenue # 300S, Oklahoma City, OK",35.4689091,-97.5169384,NBA,Republican,10000,images/basketball.png,,,,,5000,,,,,2500,,,,,,2500,,,Richard DeVos,Orlando Magic,#0066FF,#FFFFFF,"200 South Hughey Avenue, Orlando FL",28.5401919,-81.3828665,NBA,Republican,32900,images/basketball.png,,,,,,30400,,,,,,,,,2500,,,,Edward Snider,Philadelphia 76ers,#FF0000,#0033FF,"3601 South Broad Street, Philadelphia, PA",39.9042715,-75.1713324,NBA,Republican,10000,images/basketball.png,,,,,,,7500,,,2500,,,,,,,,,Edward Snider,Philadelphia Flyers,#FF6600,#000000,"4001 South Broad Street, Philadelphia, PA",39.9218972,-75.1702437,NHL,Republican,10000,images/hockey.png,,,,,,,7500,,,2500,,,,,,,,,Bill Giles,Philadelphia Phillies,#FF0000,#0000FF,"1001 Pattison Avenue, Philadelphia, PA",39.9045902,-75.1669206,MLB,Republican,5500,images/baseball.png,,,,,2500,1000,2000,,,,,,,,,,,,Robert Sarver,Phoenix Suns,#333399,#FF9933,"201 East Jefferson Street, Phoenix, AZ",33.445899,-112.071313,NBA,Republican,25000,images/basketball.png,,,,,2500,20000,,,,,,,,,,2500,,,Ron Burkle,Pittsburgh Penguins,#000000,#CCCC66,"119 Federal St, Pittsburgh, PA",40.445,-80.005666,NHL,Democratic/Republican,33300,images/hockey.png,,,30800,,,,,,,,,,,2500,,,,,Robert Nutting,Pittsburgh Pirates,#000000,#FFFF00,"115 Federal St, Pittsburgh, PA",40.446947,-80.005666,MLB,Republican,5000,images/baseball.png,,,,,2500,,2500,,,,,,,,,,,,Dan Rooney,Pittsburgh Steelers,#FFFF00,#000000,"3400 South Water Street, Pittsburgh, PA",40.4222248,-79.9572244,NFL,Democratic,35000,images/football.png,5000,30000,,,,,,,,,,,,,,,,,Peter Holt,San Antonio Spurs,#999999,#000000,"1 At&T Ctr, San Antonio, TX",29.4270165,-98.4373167,NBA,Republican,33300,images/basketball.png,,,,,,,,30800,,2500,,,,,,,,,Alex Spanos,San Diego Chargers,#3399FF,#FFFF00,"9449 Friars Road, San Diego, CA",32.7840213,-117.1200295,NFL,Republican,37800,images/football.png,,,,,3500,30800,,,,3500,,,,,,,,,Bill Neukom,San Francisco Giants,#000000,#FF6600,"24 Willie Mays Plaza, San Francisco, CA",37.7781428,-122.3908715,MLB,Democratic,27900,images/baseball.png,5000,12900,,10000,,,,,,,,,,,,,,,George Gund III,San Jose Sharks,#009999,#FFFFFF,"500 South 10th Street, San Jose, CA",37.3330938,-121.8753485,NHL,Democratic,45400,images/hockey.png,,,45400,,,,,,,,,,,,,,,,Floyd Kvamme,San Jose Sharks,#009999,#FFFFFF,"500 South 10th Street, San Jose, CA",37.3330938,-121.8753485,NHL,Republican,17600,images/hockey.png,,,,,,,17600,,,,,,,,,,,,Harvey Armstrong,San Jose Sharks,#009999,#FFFFFF,"500 South 10th Street, San Jose, CA",37.3330938,-121.8753485,NHL,Republican,2000,images/hockey.png,,,,,,,,,,,,2000,,,,,,,Greg Jamison,San Jose Sharks,#009999,#FFFFFF,"500 South 10th Street, San Jose, CA",37.3330938,-121.8753485,NHL,Republican,1000,images/hockey.png,,,,,,,,,,1000,,,,,,,,,Dave Checketts,St. Louis Blues,#003366,#FFCC33,"1401 Clark Avenue, St. Louis, MO",38.626175,-90.202131,NHL,Republican,500,images/hockey.png,,,,,500,,,,,,,,,,,,,,William DeWitt,St. Louis Cardinals,#CC3333,#FFFFFF,"700 Clark St, St. Louis, MO",38.6239783,-90.1940498,MLB,Republican,43300,images/baseball.png,,,,,2500,30800,10000,,,,,,,,,,,,Jeffrey Vinik,Tampa Bay Lightning,#3366FF,#FFFFFF,"401 Channelside Drive, Tampa, FL",27.9425879,-82.4519634,NHL,Republican,33300,images/hockey.png,,,,,2500,30800,,,,,,,,,,,,,Nolan Ryan,Texas Rangers,#FF0000,#0033FF,"1000 Ballpark Way, TX",32.7498334,-97.0812657,MLB,Republican,1000,images/baseball.png,,,,,1000,,,,,,,,,,,,,,Dan Snyder,Washington Redskins,#990033,#FFCC00,"1600 Fedex Way, Landover, MD",38.907729,-76.864433,NFL,Republican,15000,images/football.png,,,,,5000,10000,,,,,,,,,,,,,Ted Leonsis,Washington Wizards,#003399,#CC6633,"601 F Street Northwest, Washington, DC",38.8975641,-77.0210577,NBA,Democratic,45800,images/basketball.png,5000,40800,,,,,,,,,,,,,,,,,
